what is the function of capasitor,capasitor_function
fungsi kapasitor,capasitor_function
The primary function of a capacitor is,capasitor_function
capasitor is,capasitor_mean
what is capasitor,capasitor_mean
show capasitor,capasitor_pic
show me capasitor,capasitor_pic
diode function is,diode_function
what is the function of diode,diode_function
apa fungsi dioda,diode_function
what is diode,diode_mean
diode is a,diode_mean
apa itu dioda,diode_mean
diode is,diode_mean
show diode,diode_pic
show me diode,diode_pic
apa fungsi induktor,inductor_function
What is the purpose of a inductor in an electronic circuit?,inductor_function
what is the function of inductor,inductor_function
inductor function is,inductor_function
apa itu induktor,inductor_mean
what is inductor,inductor_mean
inductor is,inductor_mean
show me inductor,inductor_pic
show inductor,inductor_pic
what is the function of resistor,resistor_function
fungsi resistor,resistor_function
The primary function of a resistor is,resistor_function
resistor is,resistor_mean
what is resistor,resistor_mean
show me resistor,resistor_pic
show resistor,resistor_pic
What is the purpose of a transformator in an electronic circuit?,trafo_function
what is transformator function,trafo_function
what is trafo function,trafo_function
What is the purpose of a transformer in an electronic circuit?,trafo_function
what is transformerr function,trafo_function
what is trafo,trafo_mean
transformator is,trafo_mean
transformer is,trafo_mean
what is transformer,trafo_mean
what is transformator,trafo_mean
tranfo is,trafo_mean
show transformer,trafo_pic
show me transformator,trafo_pic
show transformator,trafo_pic
what is the function of transistor,transistor_function
fungsi transistor,transistor_function
transistor function,transistor_function
transistor is a,transistor_mean
apa itu transistor,transistor_mean
what is transistor?,transistor_mean
show me transistor,transistor_pic
show transistor,transistor_pic
Hai,wellcome
Hello,wellcome
halo,wellcome
Tes,wellcome
Hallo,wellcome
Hi,wellcome
